Name,Species,Gender,Personality,Hobby,Birthday,Catchphrase,Favorite Song,Style 1,Style 2,Color 1,Color 2,Wallpaper,Flooring
Admiral,Bird,Male,Cranky,Nature,27-Jan,aye aye,Steep Hill,Cool,Cool,Black,Blue,dirt-clod wall,tatami
Agent S,Squirrel,Female,Peppy,Fitness,2-Jul,sidekick,Go K.K. Rider,Active,Simple,Blue,Black,concrete wall,colorful tile flooring
Agnes,Pig,Female,Big Sister,Play,21-Apr,snuffle,K.K. House,Simple,Elegant,Pink,White,gray molded-panel wall,arabesque flooring
Al,Gorilla,Male,Lazy,Fitness,18-Oct,ayyyeee,Go K.K. Rider,Active,Active,Red,White,concrete wall,green rubber flooring
Alfonso,Alligator,Male,Lazy,Play,9-Jun,it'sa me,Forest Life,Simple,Simple,Red,Blue,yellow playroom wall,green honeycomb tile
Alice,Koala,Female,Normal,Education,19-Aug,guvnor,Aloha K.K.,Cute,Cute,Red,Pink,white botanical-tile wall,light parquet flooring
Alli,Alligator,Female,Snooty,Fashion,8-Nov,graaagh,K.K. Soul,Gorgeous,Elegant,Yellow,Brown,woodland wall,rosewood flooring
Amelia,Eagle,Female,Snooty,Music,19-Nov,cuz,K.K. Condor,Cool,Elegant,Black,White,summit wall,common flooring
Anabelle,Anteater,Female,Peppy,Fashion,16-Feb,snorty,Aloha K.K.,Cute,Simple,Green,Blue,green painted-wood wall,yellow floral flooring
Anchovy,Bird,Male,Lazy,Play,4-Mar,chuurp,K.K. Ragtime,Simple,Simple,Colorful,Orange,modern wood wall,simple red flooring
Angus,Bull,Male,Cranky,Fitness,30-Apr,macmoo,K.K. Calypso,Cool,Cool,Red,Black,wild-wood wall,red-and-black vinyl flooring
Anicotti,Mouse,Female,Peppy,Fashion,24-Feb,cannoli,Neapolitan,Simple,Elegant,Red,Pink,beaded-curtain wall,kitschy tile
Ankha,Cat,Female,Snooty,Nature,22-Sep,me meow,K.K. Bazaar,Gorgeous,Simple,Colorful,Brown,ancient wall,pyramid tile
Annalisa,Anteater,Female,Normal,Nature,6-Feb,gumdrop,King K.K.,Elegant,Gorgeous,Red,Pink,gold-screen wall,tatami
Annalise,Horse,Female,Snooty,Fashion,2-Dec,nipper,Aloha K.K.,Elegant,Active,Blue,Purple,tropical vista,yellow floral flooring
Antonio,Anteater,Male,Jock,Fitness,20-Oct,honk,K.K. Ragtime,Simple,Simple,Light blue,Blue,starry wall,wooden-knot flooring
Apollo,Eagle,Male,Cranky,Music,4-Jul,pah,K.K. Rock,Cool,Simple,Black,Black,shutter wall,slate flooring
Apple,Hamster,Female,Peppy,Play,24-Sep,cheekers,I Love You,Cute,Simple,Colorful,Red,apple wall,simple white flooring
Astrid,Kangaroo,Female,Snooty,Music,8-Sep,my pet,K.K. Gumbo,Cool,Active,Black,Colorful,backyard-fence wall,backyard lawn
Audie,Wolf,Female,Peppy,Fitness,31-Aug,foxtrot,K.K. Island,Cute,Active,Green,White,tropical vista,green floral flooring
Aurora,Penguin,Female,Normal,Education,27-Jan,b-b-baby,Stale Cupcakes,Cute,Elegant,Pink,Red,ice wall,ice flooring
Ava,Chicken,Female,Normal,Music,28-Apr,beaker,K.K. Love Song,Elegant,Cute,Red,Gray,white-rose wall,simple white flooring
Avery,Eagle,Male,Cranky,Music,22-Feb,skree-haw,K.K. Condor,Simple,Gorgeous,Orange,Brown,western vista,rocky-mountain flooring
Axel,Elephant,Male,Jock,Fitness,23-Mar,WHONK,K.K. Dixie,Active,Simple,Green,White,blue playroom wall,blue rubber flooring
Baabara,Sheep,Female,Snooty,Fashion,28-Mar,daahling,K.K. Cruisin',Gorgeous,Elegant,Purple,Blue,stormy-night wall,brown iron-parquet flooring
Bam,Deer,Male,Jock,Play,7-Nov,kablang,K.K. Blues,Active,Simple,Green,Brown,concrete wall,blue rubber flooring
Bangle,Tiger,Female,Peppy,Fashion,27-Aug,growf,K.K. Soul,Gorgeous,Cute,Yellow,Green,yellow intricate wall,blue floral flooring
Barold,Cub,Male,Lazy,Play,2-Mar,cubby,K.K. Song,Simple,Cool,Yellow,Black,security-monitors wall,monochromatic tile flooring
Bea,Dog,Female,Normal,Nature,15-Oct,bingo,Drivin',Simple,Cool,Light blue,Green,blackboard wall,cork flooring
Beardo,Bear,Male,Smug,Education,27-Sep,whiskers,K.K. Milonga,Elegant,Elegant,Brown,Blue,blue-crown wall,simple purple flooring
Beau,Deer,Male,Lazy,Nature,5-Apr,saltlick,Mountain Song,Simple,Cute,Beige,Orange,meadow vista,daisy meadow
Becky,Chicken,Female,Snooty,Music,9-Dec,chicklet,K.K. Chorale,Gorgeous,Elegant,Purple,Pink,palace wall,palace tile
Bella,Mouse,Female,Peppy,Music,28-Dec,eeks,K.K. Metal,Cool,Active,Black,Purple,concrete wall,skull-print flooring
Benedict,Chicken,Male,Lazy,Play,10-Oct,uh-hoo,I Love You,Simple,Simple,Blue,Purple,backyard-fence wall,backyard lawn
Benjamin,Dog,Male,Lazy,Nature,3-Aug,alrighty,Mr. K.K.,Simple,Simple,Red,White,common wall,common flooring
Bertha,Hippo,Female,Normal,Education,25-Apr,bloop,Two Days Ago,Cute,Elegant,Pink,White,white-rose wall,rose flooring
Bettina,Mouse,Female,Normal,Education,12-Jun,eekers,Animal City,Simple,Elegant,White,Red,blackboard wall,birch flooring
Bianca,Tiger,Female,Peppy,Play,13-Dec,glimmer,K.K. House,Cute,Cute,Pink,Orange,white-brick wall,leopard-print flooring
Biff,Hippo,Male,Jock,Fitness,29-Mar,squirt,The K. Funk,Gorgeous,Active,Black,Blue,street-art wall,paintball flooring
Big Top,Elephant,Male,Lazy,Play,3-Oct,villain,Go K.K. Rider,Simple,Active,Green,Green,construction-site wall,steel flooring
Bill,Duck,Male,Jock,Play,1-Feb,quacko,Imperial K.K.,Active,Active,Blue,Purple,bamboo-screen wall,bamboo flooring
Billy,Goat,Male,Jock,Play,25-Mar,dagnaabit,K.K. Song,Simple,Active,Blue,Purple,manga-library wall,garbage-heap flooring
Biskit,Dog,Male,Lazy,Play,13-May,dawg,K.K. Mambo,Gorgeous,Simple,Purple,Colorful,backyard-fence wall,backyard lawn
Bitty,Hippo,Female,Snooty,Education,6-Oct,my dear,K.K. Disco,Cute,Elegant,Pink,Orange,gray molded-panel wall,lobby flooring
Blaire,Squirrel,Female,Snooty,Fashion,3-Jul,nutlet,K.K. Bossa,Gorgeous,Elegant,Orange,Brown,arched-window wall,gold iron-parquet flooring
Blanche,Ostrich,Female,Snooty,Nature,21-Dec,quite so,K.K. Jongara,Elegant,Gorgeous,Black,Brown,standard tearoom wall,tatami flooring
Bluebear,Cub,Female,Peppy,Fashion,24-Jun,peach,Only Me,Cute,Simple,White,Blue,blue simple-cloth wall,blue dot flooring
Bob,Cat,Male,Lazy,Play,1-Jan,pthhpth,Neapolitan,Simple,Cute,Colorful,Red,blue playroom wall,colorful puzzle flooring
Bonbon,Rabbit,Female,Peppy,Play,3-Mar,deelish,Bubblegum K.K.,Cute,Elegant,Light blue,Yellow,cute yellow wall,white-paint flooring
Bones,Dog,Male,Lazy,Play,4-Aug,yip yip,K.K. ?tude,Simple,Cute,Beige,Brown,classic-library wall,light wood-pattern flooring
Boomer,Penguin,Male,Lazy,Fitness,7-Feb,human,Farewell,Simple,Cool,Brown,Beige,iceberg wall,iceberg flooring
Boone,Gorilla,Male,Jock,Fitness,12-Sep,baboom,Mountain Song,Elegant,Cool,Colorful,Red,cabin wall,wooden-knot flooring
Boots,Alligator,Male,Jock,Play,7-Aug,munchie,Wandering,Gorgeous,Active,Colorful,Purple,rice-paddy wall,dirt flooring
Boris,Pig,Male,Cranky,Nature,6-Nov,schnort,K.K. Oasis,Cool,Gorgeous,Purple,Black,ancient wall,rocky-mountain flooring
Boyd,Gorilla,Male,Cranky,Fitness,1-Oct,uh-oh,K.K. Groove,Simple,Cool,Red,Black,tree-lined wall,sidewalk flooring
Bree,Mouse,Female,Snooty,Fashion,7-Jul,cheeseball,K.K. Bossa,Elegant,Gorgeous,Black,Blue,white botanical-tile wall,blue desert-tile flooring
Broccolo,Mouse,Male,Lazy,Play,30-Jun,eat it,I Love You,Simple,Cute,Colorful,Yellow,blue playroom wall,pastel puzzle flooring
Broffina,Chicken,Female,Snooty,Music,24-Oct,cluckadoo,K.K. Flamenco,Gorgeous,Elegant,Black,Red,purple desert-tile wall,rosewood flooring
Bruce,Deer,Male,Cranky,Nature,26-May,gruff,K.K. Blues,Cool,Simple,Black,Red,street-art wall,paintball flooring
Bubbles,Hippo,Female,Peppy,Fashion,18-Sep,hipster,K.K. Stroll,Active,Cute,Purple,Pink,perforated-board wall,pine-board flooring
Buck,Horse,Male,Jock,Fitness,4-Apr,pardner,My Place,Active,Simple,Gray,Brown,pastel dotted wall,green vinyl flooring
Bud,Lion,Male,Jock,Fitness,8-Aug,shredded,Aloha K.K.,Active,Simple,Green,Yellow,tropical vista,sandy-beach flooring
Bunnie,Rabbit,Female,Peppy,Fashion,9-May,tee-hee,Forest Life,Cute,Cute,Green,Pink,purple dotted wall,white-paint flooring
Butch,Dog,Male,Cranky,Music,1-Nov,ROOOOOWF,K.K. Western,Cool,Simple,Blue,Gray,western vista,highway flooring
Buzz,Eagle,Male,Cranky,Nature,7-Dec,captain,Drivin',Simple,Active,Yellow,Red,summit wall,parking flooring
Cally,Squirrel,Female,Normal,Nature,4-Sep,WHEE,K.K. Stroll,Cute,Elegant,Red,Green,backyard-fence wall,daisy meadow
Camofrog,Frog,Male,Cranky,Music,5-Jun,ten-hut,K.K. Safari,Cool,Active,Blue,White,jungle wall,camo flooring
Canberra,Koala,Female,Big Sister,Play,14-May,nuh uh,K.K. Island,Active,Cool,Green,Light blue,tropical vista,starry-sands flooring
Candi,Mouse,Female,Peppy,Play,13-Apr,sweetie,Neapolitan,Simple,Cute,Light blue,Yellow,white painted-wood wall,mint dot flooring
Carmen,Rabbit,Female,Peppy,Fashion,6-Jan,nougat,K.K. Stroll,Elegant,Cute,Green,Beige,cute white wall,mint dot flooring
Caroline,Squirrel,Female,Normal,Music,15-Jul,hulaaaa,Pondering,Cute,Gorgeous,Colorful,White,manga-library wall,wooden-knot flooring
Carrie,Kangaroo,Female,Normal,Nature,5-Dec,little one,I Love You,Cute,Cute,Red,Colorful,yellow playroom wall,cork flooring
Cashmere,Sheep,Female,Snooty,Fashion,2-Apr,baaaby,Farewell,Gorgeous,Elegant,Purple,Beige,rustic-stone wall,slate flooring
Celia,Eagle,Female,Normal,Nature,25-Mar,feathers,K.K. Soul,Elegant,Cute,Pink,Green,white botanical-tile wall,light herringbone flooring
Cesar,Gorilla,Male,Cranky,Fitness,6-Sep,highness,K.K. Cruisin',Cool,Elegant,Blue,Light blue,cityscape wall,simple blue flooring
Chadder,Mouse,Male,Smug,Fitness,15-Dec,fromage,K.K. Soul,Elegant,Gorgeous,Black,Gray,cityscape wall,dark wood-pattern flooring
Charlise,Bear,Female,Big Sister,Fitness,17-Apr,urgh,Mr. K.K.,Active,Cute,Red,Orange,tree-lined wall,racetrack flooring
Cheri,Cub,Female,Peppy,Fashion,17-Mar,tralala,K.K. Disco,Simple,Cute,Yellow,Light blue,red dotted wall,simple white flooring
Cherry,Dog,Female,Big Sister,Music,11-May,what what,K.K. D&B,Cool,Elegant,Black,Purple,cityscape wall,skull-print flooring
Chester,Cub,Male,Lazy,Play,6-Aug,rookie,Imperial K.K.,Simple,Simple,Yellow,Green,bamboo-grove wall,bamboo flooring
Chevre,Goat,Female,Normal,Education,6-Mar,la baa,K.K. Chorale,Cute,Elegant,Red,Pink,white botanical-tile wall,black iron-parquet flooring
Chief,Wolf,Male,Cranky,Music,19-Dec,harrumph,Rockin' K.K.,Cool,Simple,White,Gray,street-art wall,paintball flooring
Chops,Pig,Male,Smug,Education,13-Oct,zoink,K.K. Moody,Gorgeous,Elegant,Red,Green,black-crown wall,simple red flooring
Chow,Bear,Male,Cranky,Fitness,22-Jul,aiya,Imperial K.K.,Cool,Gorgeous,Black,White,bamboo-grove wall,bamboo flooring
Chrissy,Rabbit,Female,Peppy,Fashion,28-Aug,sparkles,Bubblegum K.K.,Cute,Cute,Pink,White,red dotted wall,cute red-tile flooring
Claude,Rabbit,Male,Lazy,Nature,3-Dec,hopalong,Pondering,Simple,Simple,Black,Colorful,manga-library wall,simple white flooring
Claudia,Tiger,Female,Snooty,Music,22-Nov,ooh la la,K.K. Synth,Gorgeous,Elegant,Purple,White,cityscape wall,simple red flooring
Clay,Hamster,Male,Lazy,Nature,19-Oct,thump,K.K. Safari,Elegant,Simple,Beige,Brown,dig-site wall,dig-site flooring
Cleo,Horse,Female,Snooty,Education,9-Feb,sugar,K.K. Fusion,Cute,Elegant,Light blue,White,office wall,monochromatic tile flooring
Clyde,Horse,Male,Lazy,Play,1-May,clip clawp,Neapolitan,Simple,Cute,Green,White,orange wall,birch flooring
Coach,Bull,Male,Jock,Fitness,29-Apr,stubble,Mr. K.K.,Active,Active,Blue,Red,chain-link fence,racetrack flooring
Cobb,Pig,Male,Jock,Education,7-Oct,hot dog,Pondering,Simple,Active,White,Blue,gray shanty wall,concrete flooring
Coco,Rabbit,Female,Normal,Education,1-Mar,doyoing,K.K. Jongara,Simple,Cute,Beige,Green,rammed-earth wall,floral rush-mat flooring
Cole,Rabbit,Male,Lazy,Nature,10-Aug,coooooool,K.K. Faire,Simple,Cute,Orange,Colorful,tropical vista,sandy-beach flooring
Colton,Horse,Male,Smug,Nature,22-May,check it,K.K. Chorale,Gorgeous,Elegant,Blue,Red,palace wall,palace tile
Cookie,Dog,Female,Peppy,Fashion,18-Jun,arfer,Bubblegum K.K.,Cute,Cute,Green,Light blue,pink quilt wall,birch flooring
Cousteau,Frog,Male,Jock,Fitness,17-Dec,oui oui,Imperial K.K.,Elegant,Gorgeous,Green,Red,exquisite wall,imperial tile
Cranston,Ostrich,Male,Lazy,Nature,23-Sep,sweatband,K.K. Faire,Simple,Cool,Beige,Brown,white subway-tile wall,stone tile
Croque,Frog,Male,Cranky,Nature,18-Jul,as if,K.K. Folk,Elegant,Cool,Red,Orange,autumn wall,colored-leaves flooring
Cube,Penguin,Male,Lazy,Play,29-Jan,brainfreeze,Farewell,Simple,Cute,Yellow,Colorful,snowflake wall,simple white flooring
Curlos,Sheep,Male,Smug,Nature,8-May,shearly,K.K. Salsa,Active,Gorgeous,Red,Green,wild-wood wall,dark herringbone flooring
Curly,Pig,Male,Jock,Fitness,26-Jul,nyoink,K.K. Reggae,Simple,Active,Yellow,Colorful,common wall,wooden-knot flooring
Curt,Bear,Male,Cranky,Nature,1-Jul,fuzzball,Comrade K.K.,Cool,Cool,Blue,White,chain-link fence,sandlot
Cyd,Elephant,Male,Cranky,Music,9-Jun,rockin',K.K. Metal,Cool,Active,Black,Yellow,skull wall,skull-print flooring
Cyrano,Anteater,Male,Cranky,Education,9-Mar,ah-CHOO,K.K. Lament,Cool,Active,Yellow,Beige,shoji screen,tatami
Daisy,Dog,Female,Normal,Education,16-Nov,bow-WOW,Forest Life,Simple,Cute,Colorful,Blue,blue blossoming wall,simple white flooring
Deena,Duck,Female,Normal,Education,27-Jun,woowoo,Mr. K.K.,Simple,Cute,Colorful,Blue,perforated-board wall,natural-block flooring
Deirdre,Deer,Female,Big Sister,Play,4-May,whatevs,K.K. Bossa,Simple,Simple,Orange,Orange,autumn wall,colored-leaves flooring
Del,Alligator,Male,Cranky,Fitness,27-May,gronk,Pondering,Cool,Simple,Blue,White,industrial wall,ship deck
Deli,Monkey,Male,Lazy,Nature,24-May,monch,K.K. ?tude,Gorgeous,Elegant,Purple,Brown,blue simple-cloth wall,simple blue flooring
Derwin,Duck,Male,Lazy,Play,25-May,derrrr,K.K. Stroll,Simple,Elegant,Yellow,Beige,backyard-fence wall,backyard lawn
Diana,Deer,Female,Snooty,Education,4-Jan,no doy,Farewell,Elegant,Gorgeous,Purple,Pink,white botanical-tile wall,stone tile
Diva,Frog,Female,Big Sister,Fitness,2-Oct,ya know,K.K. Oasis,Gorgeous,Elegant,Purple,Light blue,ancient wall,rocky-mountain flooring
Dizzy,Elephant,Male,Lazy,Play,14-Jul,woo-oo,Two Days Ago,Simple,Simple,Yellow,Blue,yellow playroom wall,backyard lawn
Dobie,Wolf,Male,Cranky,Nature,17-Feb,ohmmm,Agent K.K.,Simple,Cool,Brown,Beige,classic-library wall,dark herringbone flooring
Doc,Rabbit,Male,Lazy,Education,16-Mar,old bunny,Pondering,Simple,Elegant,Gray,Beige,classic-library wall,dark-block flooring
Dom,Sheep,Male,Jock,Play,18-Mar,indeedaroo,K.K. Country,Active,Cute,Red,Colorful,backyard-fence wall,backyard lawn
Dora,Mouse,Female,Normal,Education,18-Feb,squeaky,K.K. Faire,Simple,Elegant,Blue,Light blue,dojo wall,floral rush-mat flooring
Dotty,Rabbit,Female,Peppy,Fashion,14-Mar,wee one,Drivin',Simple,Cute,Blue,Black,green intricate wall,pine-board flooring
Drago,Alligator,Male,Lazy,Nature,12-Feb,burrrn,Imperial K.K.,Elegant,Gorgeous,Orange,Red,imperial wall,imperial tile
Drake,Duck,Male,Lazy,Play,25-Jun,quacko,K.K. Blues,Cool,Simple,Brown,Red,cabin wall,common flooring
Drift,Frog,Male,Jock,Fitness,9-Oct,dribbit,K.K. Metal,Simple,Active,Orange,Red,gray shanty wall,skull-print flooring
Ed,Horse,Male,Smug,Nature,16-Sep,greenhorn,K.K. Ballad,Gorgeous,Elegant,Black,Gray,blue delicate-blooms wall,rosewood flooring
Egbert,Chicken,Male,Lazy,Play,14-Oct,doodle-duh,Lucky K.K.,Simple,Simple,Beige,Brown,cabin wall,wooden-knot flooring
Elise,Monkey,Female,Snooty,Fashion,21-Mar,puh-lease,K.K. Bossa,Elegant,Gorgeous,Purple,Red,abstract wall,simple purple flooring
Ellie,Elephant,Female,Normal,Nature,12-May,li'l one,K.K. Ballad,Simple,Cute,Gray,Pink,beige art-deco wall,rose flooring
Elmer,Horse,Male,Lazy,Play,5-Oct,tenderfoot,K.K. Country,Simple,Cool,Blue,White,backyard-fence wall,backyard lawn
Eloise,Elephant,Female,Snooty,Fashion,8-Dec,tooooot,K.K. Soul,Elegant,Simple,Green,Orange,yellow intricate wall,brown floral flooring
Elvis,Lion,Male,Cranky,Education,23-Jul,unh-hunh,K.K. Casbah,Gorgeous,Elegant,Red,Black,palace wall,palace tile
Erik,Deer,Male,Lazy,Nature,27-Jul,chow down,Drivin',Simple,Simple,Beige,Red,ski-slope wall,ski-slope flooring
Eugene,Koala,Male,Smug,Music,26-Oct,yeah buddy,Agent K.K.,Cool,Gorgeous,Black,Gray,office wall,monochromatic tile flooring
Eunice,Sheep,Female,Normal,Fashion,3-Apr,lambchop,K.K. Disco,Simple,Elegant,Beige,Orange,blue tile wall,blue rubber flooring
Fang,Wolf,Male,Cranky,Education,18-Dec,cha-chomp,K.K. Steppe,Simple,Cool,White,Light blue,arched-window wall,brown honeycomb tile
Fauna,Deer,Female,Normal,Nature,26-Mar,dearie,K.K. Stroll,Simple,Cute,Beige,White,red-brick wall,mint dot flooring
Felicity,Cat,Female,Peppy,Fashion,30-Mar,mimimi,K.K. Stroll,Cute,Cute,Yellow,Orange,backyard-fence wall,daisy meadow
Filbert,Squirrel,Male,Lazy,Nature,3-Jun,bucko,Stale Cupcakes,Simple,Cute,Blue,White,starry-sky wall,blue dot flooring
Flip,Monkey,Male,Jock,Music,21-Nov,rerack,K.K. Rally,Active,Simple,Blue,Yellow,cherry-blossom-trees wall,gravel flooring
Flo,Penguin,Female,Big Sister,Music,2-Sep,cha,Space K.K.,Cool,Gorgeous,Red,Purple,ice wall,ice flooring
Flora,Ostrich,Female,Peppy,Play,9-Feb,pinky,K.K. Condor,Cute,Active,Colorful,Pink,meadow vista,oasis flooring
Flurry,Hamster,Female,Normal,Nature,30-Jan,powderpuff,Hypno K.K.,Elegant,Cute,Red,Pink,beige blossoming wall,arabesque flooring
Francine,Rabbit,Female,Snooty,Fashion,22-Jan,karat,K.K. Cruisin',Elegant,Gorgeous,Blue,Black,cute blue wall,blue dot flooring
Frank,Eagle,Male,Cranky,Education,30-Jul,crushy,K.K. Casbah,Gorgeous,Cool,Brown,Yellow,gray shanty wall,boxing-ring mat
Freckles,Duck,Female,Peppy,Fashion,19-Feb,ducky,Marine Song 2001,Simple,Cute,Green,Colorful,lattice wall,bamboo flooring
Freya,Wolf,Female,Snooty,Fashion,14-Dec,uff da,Lucky K.K.,Elegant,Cool,Green,Blue,heavy-curtain wall,rose flooring
Friga,Penguin,Female,Snooty,Fashion,16-Oct,brrrmph,Farewell,Elegant,Gorgeous,Pink,Black,white subway-tile wall,stone tile
Frita,Sheep,Female,Big Sister,Music,16-Jul,oh ewe,K.K. Rockabilly,Active,Cute,Yellow,Red,pink diner wall,yellow floral flooring
Frobert,Frog,Male,Jock,Fitness,8-Feb,fribbit,K.K. Ragtime,Active,Simple,Blue,Colorful,green playroom wall,green vinyl flooring
Fuchsia,Deer,Female,Big Sister,Music,19-Sep,precious,K.K. Rock,Cool,Cool,Pink,Pink,pink shanty wall,brown floral flooring
Gabi,Rabbit,Female,Peppy,Fashion,16-Dec,honeybun,Neapolitan,Cute,Gorgeous,Brown,Red,beaded-curtain wall,orange retro flooring
Gala,Pig,Female,Normal,Education,5-Mar,snortie,Animal City,Cute,Elegant,Pink,White,stately wall,light wood-pattern flooring
Gaston,Rabbit,Male,Cranky,Education,28-Oct,mon chou,K.K. Song,Simple,Gorgeous,Brown,Orange,ramshackle wall,ramshackle flooring
Gayle,Alligator,Female,Normal,Nature,17-May,snacky,Bubblegum K.K.,Cute,Cute,Pink,White,pink quilt wall,pine-board flooring
Genji,Rabbit,Male,Jock,Fitness,21-Jan,mochi,King K.K.,Elegant,Simple,Green,Purple,gold-screen wall,mossy-garden flooring
Gigi,Frog,Female,Snooty,Fashion,11-Aug,ribbette,K.K. Swing,Gorgeous,Elegant,Black,White,purple-rose wall,purple desert-tile flooring
Gladys,Ostrich,Female,Normal,Education,15-Jan,stretch,K.K. Folk,Elegant,Cute,Green,Pink,shoji screen,tatami
Gloria,Duck,Female,Snooty,Fashion,12-Aug,quacker,Animal City,Gorgeous,Elegant,Black,Gray,caf?-curtain wall,sidewalk flooring
Goldie,Dog,Female,Normal,Nature,27-Dec,woof,K.K. Bossa,Simple,Cute,Yellow,Orange,modern wood wall,light parquet flooring
Gonzo,Koala,Male,Cranky,Nature,13-Oct,mate,Surfin' K.K.,Simple,Cool,Black,Green,cabin wall,wooden-knot flooring
Goose,Chicken,Male,Jock,Fitness,4-Oct,buh-kay,K.K. Country,Simple,Active,Blue,White,green painted-wood wall,artsy parquet flooring
Graham,Hamster,Male,Smug,Education,20-Jun,indeed,Bubblegum K.K.,Simple,Cool,Green,Orange,server-room wall,monochromatic tile flooring
Greta,Mouse,Female,Snooty,Education,5-Sep,yelp,Comrade K.K.,Elegant,Simple,Pink,Purple,modern shoji-screen wall,common flooring
Grizzly,Bear,Male,Cranky,Education,31-Jul,grrr,K.K. Condor,Cool,Simple,Red,Black,starry-sky wall,Saharah's desert
Groucho,Bear,Male,Cranky,Music,23-Oct,grumble,K.K. Metal,Cool,Simple,Black,Gray,gray shanty wall,skull-print flooring
Gruff,Goat,Male,Cranky,Music,29-Aug,bleh eh eh,K.K. Rockabilly,Cool,Gorgeous,Purple,Black,rustic-stone wall,gray vinyl flooring
Gwen,Penguin,Female,Snooty,Fashion,23-Jan,h-h-h-hon,Drivin',Gorgeous,Elegant,Green,White,ice wall,ice flooring
Hamlet,Hamster,Male,Jock,Play,30-May,hammie,K.K. Reggae,Simple,Active,Purple,Blue,blue playroom wall,colorful puzzle flooring
Hamphrey,Hamster,Male,Cranky,Nature,25-Feb,snort,Comrade K.K.,Cool,Simple,Gray,Beige,screen wall,rush tatami
Hans,Gorilla,Male,Smug,Fitness,5-Dec,groovy,K.K. Sonata,Elegant,Gorgeous,Gray,Blue,ski-slope wall,ski-slope flooring
Harry,Hippo,Male,Cranky,Education,7-Jan,beach bum,K.K. Rally,Cool,Simple,Green,Orange,aqua tile wall,white mosaic-tile flooring
Hazel,Squirrel,Female,Big Sister,Play,30-Aug,uni-wow,DJ K.K.,Active,Cute,Red,Yellow,dojo wall,wooden-knot flooring
Henry,Frog,Male,Smug,Music,21-Sep,snoozit,K.K. Soul,Cool,Simple,Light blue,Blue,rustic-stone wall,modern wood flooring
Hippeux,Hippo,Male,Smug,Education,15-Oct,natch,K.K. Sonata,Elegant,Gorgeous,Brown,Green,arched-window wall,dark herringbone flooring
Hopkins,Rabbit,Male,Lazy,Nature,11-Mar,thumper,Pondering,Simple,Active,Blue,Yellow,concrete wall,cool vinyl flooring
Hopper,Penguin,Male,Cranky,Music,6-Apr,slushie,Comrade K.K.,Cool,Simple,Yellow,Red,iceberg wall,iceberg flooring
Hornsby,Rhino,Male,Lazy,Nature,20-Mar,schnozzle,K.K. Lament,Simple,Simple,Green,Brown,dirt-clod wall,rush tatami
Huck,Frog,Male,Smug,Fitness,9-Jul,hopper,To The Edge,Simple,Cool,Green,Yellow,straw wall,dirt flooring
Hugh,Pig,Male,Lazy,Play,30-Dec,snortle,My Place,Simple,Active,Beige,Yellow,blue playroom wall,colorful puzzle flooring
Iggly,Penguin,Male,Jock,Fitness,2-Nov,waddler,I Love You,Active,Simple,Red,Blue,ice wall,ice flooring
Ike,Bear,Male,Cranky,Nature,16-May,roadie,K.K. Rock,Cool,Cool,Green,Blue,shutter wall,steel flooring
Jacob,Bird,Male,Lazy,Nature,24-Aug,ya feel,K.K. Song,Simple,Simple,Green,Red,garbage-heap wall,garbage-heap flooring
Jacques,Bird,Male,Smug,Music,22-Jun,zut alors,K.K. Technopop,Cool,Simple,Green,Black,concrete wall,steel flooring
Jambette,Frog,Female,Normal,Fashion,27-Oct,croak-kay,K.K. Cruisin',Cool,Cool,Brown,Brown,botanical-tile wall,rosewood flooring
Jay,Bird,Male,Jock,Fitness,17-Jul,heeeeeyy,K.K. Country,Active,Active,Blue,Light blue,stacked-wood wall,rosewood flooring
Jeremiah,Frog,Male,Lazy,Play,8-Jul,nee-deep,Hypno K.K.,Simple,Simple,Orange,Yellow,blue playroom wall,blue dot flooring
Jitters,Bird,Male,Jock,Fitness,2-Feb,bzzert,K.K. Adventure,Active,Active,Yellow,Orange,stadium wall,backyard lawn
Joey,Duck,Male,Lazy,Play,3-Jan,bleeeeeck,Marine Song 2001,Simple,Simple,Green,Blue,tropical vista,sandy-beach flooring
Judy,Cub,Female,Snooty,Music,10-Mar,myohmy,K.K. Lullaby,Cute,Elegant,Pink,White,starry wall,blue dot flooring
Julia,Ostrich,Female,Snooty,Education,31-Jul,dahling,K.K. Sonata,Elegant,Gorgeous,Purple,Red,green molded-panel wall,simple blue flooring
Julian,Horse,Male,Smug,Music,15-Mar,glitter,Space K.K.,Gorgeous,Cool,Purple,Blue,starry-sky wall,cloud flooring
June,Cub,Female,Normal,Nature,21-May,rainbow,K.K. Island,Cute,Simple,White,Red,ocean-horizon wall,starry-sands flooring
Kabuki,Cat,Male,Cranky,Music,29-Nov,meooo-OH,K.K. Jongara,Simple,Simple,Purple,Red,dojo wall,tatami
Katt,Cat,Female,Big Sister,Music,27-Apr,purrty,K.K. Disco,Cool,Cool,Purple,Black,white perforated-board wall,steel flooring
Keaton,Eagle,Male,Smug,Music,1-Jun,wingo,Drivin',Gorgeous,Cool,Blue,White,tree-lined wall,parking flooring
Ken,Chicken,Male,Smug,Education,23-Dec,no doubt,K.K. Rally,Cool,Simple,Purple,Blue,standard tearoom wall,tatami
Ketchup,Duck,Female,Peppy,Play,27-Jul,bitty,Neapolitan,Cute,Cute,Light blue,White,ivy wall,backyard lawn
Kevin,Pig,Male,Jock,Play,26-Apr,weeweewee,K.K. Rockabilly,Active,Simple,Black,Red,gray shanty wall,concrete flooring
Kid Cat,Cat,Male,Jock,Fitness,1-Aug,psst,Go K.K. Rider,Active,Simple,Red,Red,chain-link fence,sandlot
Kidd,Goat,Male,Smug,Education,28-Jun,wut,K.K. Tango,Elegant,Cool,Gray,White,gray molded-panel wall,purple desert-tile flooring
Kiki,Cat,Female,Normal,Education,8-Oct,kitty cat,Only Me,Simple,Simple,Brown,Beige,mod wall,simple white flooring
Kitt,Kangaroo,Female,Normal,Education,11-Oct,child,Stale Cupcakes,Elegant,Simple,Purple,Red,arched-window wall,simple white flooring
Kitty,Cat,Female,Snooty,Fashion,15-Feb,mrowrr,K.K. Chorale,Elegant,Gorgeous,Green,Gray,blue molded-panel wall,arabesque flooring
Klaus,Bear,Male,Smug,Education,31-Mar,strudel,K.K. Sonata,Simple,Simple,Gray,White,stately wall,stone tile
Knox,Chicken,Male,Cranky,Education,23-Nov,cluckling,K.K. Chorale,Elegant,Gorgeous,Brown,Red,palace wall,palace tile
Kody,Cub,Male,Jock,Fitness,28-Sep,grah grah,My Place,Active,Simple,Colorful,White,blue playroom wall,blue dot flooring
Kyle,Wolf,Male,Smug,Music,6-Dec,alpha,K.K. Metal,Gorgeous,Cool,Black,White,gray shanty wall,steel flooring
Leonardo,Tiger,Male,Jock,Fitness,15-May,flexin',K.K. Metal,Active,Gorgeous,Red,Blue,skull wall,leopard-print flooring
Leopold,Lion,Male,Smug,Education,14-Aug,lion cub,Mr. K.K.,Elegant,Gorgeous,Purple,Green,green painted-wood wall,natural-block flooring
Lily,Frog,Female,Normal,Education,4-Feb,toady,Farewell,Cute,Simple,White,Yellow,misty-garden wall,blue dot flooring
Limberg,Mouse,Male,Cranky,Education,17-Oct,squinky,K.K. Folk,Simple,Cool,Green,Blue,autumn wall,mossy-garden flooring
Lionel,Lion,Male,Smug,Music,29-Jul,precisely,K.K. Moody,Gorgeous,Active,Green,Gray,cityscape wall,simple blue flooring
Lobo,Wolf,Male,Cranky,Education,5-Nov,ah-rooooo,K.K. Rock,Cool,Active,Black,Beige,rustic-stone wall,rosewood flooring
Lolly,Cat,Female,Normal,Music,27-Mar,bonbon,Forest Life,Simple,Simple,Gray,Pink,modern wood wall,green vinyl flooring
Lopez,Deer,Male,Smug,Education,20-Aug,badoom,K.K. Jazz,Gorgeous,Gorgeous,Gray,Gray,modern wood wall,modern wood flooring
Louie,Gorilla,Male,Jock,Fitness,26-Mar,hoo hoo ha,K.K. Fusion,Active,Simple,Gray,Red,white perforated-board wall,colorful tile flooring
Lucha,Bird,Male,Smug,Fitness,12-Dec,cacaw,K.K. Western,Active,Cool,Black,Gray,ringside seating,boxing-ring mat
Lucky,Dog,Male,Lazy,Play,4-Nov,rrr-owch,K.K. Dirge,Simple,Simple,Beige,White,ramshackle wall,swamp flooring
Lucy,Pig,Female,Normal,Music,2-Jun,snoooink,K.K. Sonata,Cute,Elegant,Pink,Red,heavy-curtain wall,wooden-knot flooring
Lyman,Koala,Male,Jock,Play,12-Oct,chips,K.K. Safari,Simple,Active,Light blue,Yellow,jungle wall,light parquet flooring
Mac,Dog,Male,Jock,Fitness,11-Nov,woo woof,My Place,Active,Cool,Red,Black,ivy wall,sandlot
Maddie,Dog,Female,Peppy,Play,11-Jan,yippee,K.K. Stroll,Simple,Cute,Purple,Pink,meadow vista,wildflower meadow
Maelle,Duck,Female,Snooty,Fashion,8-Apr,duckling,Caf? K.K.,Cool,Simple,Pink,White,tree-lined wall,sidewalk flooring
Maggie,Pig,Female,Normal,Nature,3-Sep,schep,Drivin',Cute,Elegant,Green,Yellow,backyard-fence wall,flagstone flooring
Mallary,Duck,Female,Snooty,Fashion,17-Nov,quackpth,K.K. Bossa,Cool,Gorgeous,Blue,White,mossy-garden wall,backyard lawn
Maple,Cub,Female,Normal,Education,15-Jun,honey,Forest Life,Simple,Cute,Beige,Green,green blossoming wall,wooden-knot flooring
Marcel,Dog,Male,Lazy,Play,31-Dec,non,Comrade K.K.,Simple,Cool,Green,Blue,modern shoji-screen wall,rush tatami
Marcie,Kangaroo,Female,Normal,Nature,31-May,pouches,K.K. Aria,Cute,Elegant,Pink,Beige,pink quilt wall,pine-board flooring
Margie,Elephant,Female,Normal,Education,28-Jan,tootie,K.K. Marathon,Elegant,Cute,Pink,Red,olive desert-tile wall,bamboo flooring
Marina,Octopus,Female,Normal,Music,26-Jun,blurp,Soulful K.K.,Cute,Cute,Pink,Red,strawberry-chocolate wall,berry-chocolates flooring
Marshal,Squirrel,Male,Smug,Music,29-Sep,sulky,K.K. Bossa,Elegant,Cool,Light blue,Blue,blue delicate-blooms wall,modern wood flooring
Mathilda,Kangaroo,Female,Snooty,Fitness,12-Nov,wee baby,K.K. Chorale,Cool,Gorgeous,White,Red,blue delicate-blooms wall,arabesque flooring
Megan,Bear,Female,Normal,Nature,13-Mar,sundae,Forest Life,Cute,Simple,Yellow,Light blue,honeycomb wall,dark herringbone flooring
Melba,Koala,Female,Normal,Education,12-Apr,toasty,K.K. Stroll,Cute,Cute,White,Green,blue blossoming wall,green-paint flooring
Merengue,Rhino,Female,Normal,Nature,19-Mar,shortcake,K.K. Ballad,Cute,Simple,White,Red,pastel dotted wall,mint dot flooring
Merry,Cat,Female,Peppy,Fashion,29-Jun,mweee,Neapolitan,Cute,Cute,Pink,Light blue,beaded-curtain wall,orange retro flooring
Midge,Bird,Female,Normal,Education,12-Mar,tweedledee,K.K. Stroll,Cute,Simple,Pink,Pink,yellow quilt wall,cute white-tile flooring
Mint,Squirrel,Female,Snooty,Fashion,2-May,ahhhhhh,K.K. Soul,Gorgeous,Cute,Pink,Purple,blue subway-tile wall,mint dot flooring
Mira,Rabbit,Female,Big Sister,Fitness,6-Jul,cottontail,Go K.K. Rider,Active,Cool,Red,Yellow,heavy-curtain wall,wooden-knot flooring
Miranda,Duck,Female,Snooty,Fashion,23-Apr,quackulous,K.K. Sonata,Elegant,Gorgeous,Blue,Purple,arched-window wall,brown iron-parquet flooring
Mitzi,Cat,Female,Normal,Education,25-Sep,mew,K.K. Love Song,Simple,Simple,Brown,Beige,blue painted-wood wall,light herringbone flooring
Moe,Cat,Male,Lazy,Play,12-Jan,myawn,Two Days Ago,Active,Simple,Black,Gray,blue subway-tile wall,stripe flooring
Molly,Duck,Female,Normal,Nature,7-Mar,quackidee,K.K. Ballad,Cute,Simple,Yellow,Pink,lattice wall,light herringbone flooring
Monique,Cat,Female,Snooty,Fashion,30-Sep,pffffft,K.K. Cruisin',Gorgeous,Elegant,Purple,Pink,beige desert-tile wall,rosewood flooring
Monty,Monkey,Male,Cranky,Education,7-Dec,g'tang,To The Edge,Cool,Cool,Yellow,Gray,autumn wall,forest flooring
Moose,Mouse,Male,Jock,Fitness,13-Sep,shorty,K.K. Rockabilly,Cool,Gorgeous,Purple,Red,concrete wall,blue camo flooring
Mott,Lion,Male,Jock,Fitness,10-Jul,cagey,K.K. Fusion,Active,Elegant,Blue,Green,green molded-panel wall,pine-board flooring
Muffy,Sheep,Female,Big Sister,Music,14-Feb,nightshade,K.K. Sonata,Gorgeous,Elegant,Black,Purple,black botanical-tile wall,purple desert-tile flooring
Murphy,Cub,Male,Cranky,Education,29-Dec,malarkey,K.K. Safari,Simple,Cool,Blue,White,woodland wall,jungle flooring
Nan,Goat,Female,Normal,Nature,24-Aug,kid,K.K. ?tude,Simple,Elegant,Orange,Yellow,black botanical-tile wall,white iron-parquet flooring
Nana,Monkey,Female,Normal,Education,23-Aug,po po,K.K. Ballad,Cute,Cute,Pink,White,pastel dotted wall,cork flooring
Naomi,Cow,Female,Snooty,Fashion,28-Feb,moolah,K.K. Milonga,Elegant,Gorgeous,Colorful,Purple,red art-deco wall,lobby flooring
Nate,Bear,Male,Lazy,Play,16-Aug,yawwwn,Forest Life,Simple,Simple,White,Green,woodland wall,daisy meadow
Nibbles,Squirrel,Female,Peppy,Fashion,19-Jul,niblet,K.K. Disco,Cute,Active,Red,Yellow,pear wall,olive desert-tile flooring
Norma,Cow,Female,Normal,Nature,20-Sep,hoof hoo,Mountain Song,Cute,Simple,White,Light blue,meadow vista,daisy meadow
O'Hare,Rabbit,Male,Smug,Nature,24-Jul,amigo,K.K. Island,Active,Cool,Blue,Light blue,ocean-horizon wall,water flooring
Octavian,Octopus,Male,Cranky,Play,20-Sep,sucker,K.K. D&B,Cool,Simple,Black,White,starry-sky wall,lunar surface
Olaf,Anteater,Male,Smug,Education,19-May,whiffa,K.K. Milonga,Elegant,Gorgeous,Red,Black,black-brick wall,simple red flooring
Olive,Cub,Female,Normal,Nature,12-Jul,sweet pea,Neapolitan,Simple,Simple,Brown,Yellow,white simple-cloth wall,mint dot flooring
Olivia,Cat,Female,Snooty,Music,3-Feb,purrr,K.K. Sonata,Cool,Elegant,White,Black,purple-rose wall,simple blue flooring
Opal,Elephant,Female,Snooty,Fashion,20-Jan,snoot,K.K. Cruisin',Elegant,Cool,Black,Orange,brown botanical-tile wall,olive desert-tile flooring
Ozzie,Koala,Male,Lazy,Play,7-May,ol' bear,Mr. K.K.,Simple,Cute,Yellow,Orange,white perforated-board wall,cork flooring
Pancetti,Pig,Female,Snooty,Music,14-Nov,sooey,K.K. Cruisin',Cute,Gorgeous,Red,Yellow,white botanical-tile wall,yellow floral flooring
Pango,Anteater,Female,Peppy,Fashion,9-Nov,snooooof,K.K. Oasis,Elegant,Cool,Orange,Purple,imperial wall,gold iron-parquet flooring
Paolo,Elephant,Male,Lazy,Nature,5-May,pal,To The Edge,Simple,Elegant,Gray,Light blue,blue desert-tile wall,blue mosaic-tile flooring
Papi,Horse,Male,Lazy,Nature,10-Jan,haaay,Hypno K.K.,Simple,Simple,Orange,Light blue,colorful puzzle wall,jointed-mat flooring
Pashmina,Goat,Female,Big Sister,Music,26-Dec,kidders,K.K. Disco,Cool,Elegant,Red,Colorful,cute red wall,cute white-tile flooring
Pate,Duck,Female,Peppy,Fashion,23-Feb,quackle,K.K. Soul,Simple,Cute,Yellow,White,blue subway-tile wall,hexagonal floral flooring
Patty,Cow,Female,Peppy,Fashion,10-May,how-now,K.K. Calypso,Simple,Cute,Orange,Red,backyard-fence wall,wildflower meadow
Paula,Bear,Female,Big Sister,Fitness,22-Mar,yodelay,K.K. Disco,Cute,Active,Orange,Green,starry wall,berry-chocolates flooring
Peaches,Horse,Female,Normal,Education,28-Nov,neighbor,Forest Life,Cute,Simple,Colorful,Light blue,cabin wall,dirt flooring
Peanut,Squirrel,Female,Peppy,Fashion,8-Jun,slacker,Forest Life,Cute,Cute,Red,Colorful,cute red wall,cute white-tile flooring
Pecan,Squirrel,Female,Snooty,Fashion,10-Sep,chipmunk,K.K. Love Song,Elegant,Gorgeous,Purple,Beige,beige art-deco wall,simple white flooring
Peck,Bird,Male,Jock,Play,25-Jul,crunch,My Place,Simple,Active,Beige,Red,camo wall,blue-paint flooring
Peewee,Gorilla,Male,Cranky,Fitness,11-Sep,li'l bitty baby,K.K. Rock,Active,Cool,Orange,Blue,steel-frame wall,concrete flooring
Peggy,Pig,Female,Peppy,Fashion,23-May,shweetie,K.K. Bossa,Cute,Active,Blue,Red,red intricate wall,birch flooring
Pekoe,Cub,Female,Normal,Nature,18-May,bud,Imperial K.K.,Elegant,Cute,Red,Beige,exquisite wall,bamboo flooring
Penelope,Mouse,Female,Peppy,Fashion,5-Feb,oh bow,Bubblegum K.K.,Cute,Gorgeous,Pink,Red,cute red wall,red dot flooring
Phil,Ostrich,Male,Smug,Music,27-Nov,hurk,K.K. Moody,Elegant,Cool,Green,Red,red art-deco wall,simple red flooring
Phoebe,Ostrich,Female,Big Sister,Fitness,22-Apr,sparky,K.K. Flamenco,Gorgeous,Cool,Black,Red,magma-cavern wall,lava flooring
Pierce,Eagle,Male,Jock,Fitness,8-Jan,hawkeye,K.K. Gumbo,Elegant,Active,Orange,Yellow,blue camo wall,simple blue flooring
Pietro,Sheep,Male,Smug,Music,19-Apr,honk honk,K.K. Parade,Gorgeous,Simple,Colorful,Red,sky wall,cloud flooring
Pinky,Bear,Female,Peppy,Fashion,9-Sep,wah,Imperial K.K.,Cute,Simple,Red,Pink,bamboo wall,floral rush-mat flooring
Piper,Bird,Female,Peppy,Play,18-Apr,chickadee,K.K. Synth,Elegant,Gorgeous,Black,White,cityscape wall,monochromatic tile flooring
Pippy,Rabbit,Female,Peppy,Fashion,14-Jun,li'l hare,Drivin',Cute,Simple,Green,Brown,mod wall,blue-paint flooring
Plucky,Chicken,Female,Big Sister,Play,12-Oct,chicky-poo,K.K. Island,Cool,Simple,Light blue,Yellow,tropical vista,starry-sands flooring
Pompom,Duck,Female,Peppy,Music,11-Feb,rah rah,K.K. Soul,Cute,Simple,Pink,Light blue,beaded-curtain wall,green retro flooring
Poncho,Cub,Male,Jock,Fitness,2-Jan,li'l bear,K.K. Blues,Simple,Simple,Orange,Yellow,blue simple-cloth wall,blue-paint flooring
Poppy,Squirrel,Female,Normal,Education,5-Aug,nutty,Forest Life,Cute,Elegant,Green,Yellow,autumn wall,colored-leaves flooring
Portia,Dog,Female,Snooty,Fashion,25-Oct,ruffian,K.K. Disco,Elegant,Gorgeous,Purple,Black,blue desert-tile wall,rosewood flooring
Prince,Frog,Male,Lazy,Play,21-Jul,burrup,Only Me,Simple,Active,Yellow,White,starry-sky wall,daisy meadow
Puck,Penguin,Male,Lazy,Fitness,21-Feb,brrrrrrrrr,K.K. March,Active,Simple,Blue,Red,ice wall,ice flooring
Puddles,Frog,Female,Peppy,Fashion,13-Jan,splish,K.K. Disco,Cute,Gorgeous,Green,Pink,blue subway-tile wall,mint dot flooring
Pudge,Cub,Male,Lazy,Play,11-Jun,golly,K.K. Stroll,Simple,Simple,Green,Blue,green playroom wall,colorful puzzle flooring
Punchy,Cat,Male,Lazy,Play,11-Apr,mrmpht,Forest Life,Simple,Simple,Blue,Light blue,blue simple-cloth wall,jointed-mat flooring
Purrl,Cat,Female,Snooty,Fashion,29-May,kitten,K.K. Chorale,Cool,Elegant,Gray,Blue,arched-window wall,dark herringbone flooring
Queenie,Ostrich,Female,Snooty,Fashion,13-Nov,chicken,K.K. Gumbo,Gorgeous,Elegant,Black,Gray,abstract wall,dark parquet flooring
Quillson,Duck,Male,Smug,Music,22-Dec,ridukulous,K.K. Groove,Elegant,Cool,Beige,Orange,dark wooden-mosaic wall,simple purple flooring
Raddle,Frog,Male,Lazy,Nature,6-Jun,aaach?,Mr. K.K.,Elegant,Simple,White,Gray,white simple-cloth wall,green rubber flooring
Rasher,Pig,Male,Cranky,Music,7-Apr,swine,K.K. Rockabilly,Cool,Simple,Blue,Black,chain-link fence,parking flooring
Raymond,Cat,Male,Smug,Nature,1-Oct,crisp,K.K. Cruisin',Elegant,Cool,Black,Gray,office wall,monochromatic tile flooring
Ren?e,Rhino,Female,Big Sister,Music,28-May,yo yo yo,Surfin' K.K.,Cool,Active,Purple,Yellow,skull wall,tiger-print flooring
Reneigh,Horse,Female,Big Sister,Play,4-Jun,ayup yup,K.K. Synth,Cool,Gorgeous,Black,Purple,botanical-tile wall,brown floral flooring
Rex,Lion,Male,Lazy,Nature,24-Jul,cool cat,Wandering,Simple,Cute,Blue,Light blue,summit wall,daisy meadow
Rhonda,Rhino,Female,Normal,Music,24-Jan,bigfoot,K.K. Ballad,Elegant,Gorgeous,Purple,Black,purple desert-tile wall,simple purple flooring
Ribbot,Frog,Male,Jock,Fitness,13-Feb,zzrrbbitt,K.K. Technopop,Simple,Active,Blue,Light blue,circuit-board wall,future-tech flooring
Ricky,Squirrel,Male,Cranky,Education,14-Sep,nutcase,K.K. Safari,Cool,Simple,Blue,Red,woodland wall,swamp flooring
Rizzo,Mouse,Male,Cranky,Education,17-Jan,squee,K.K. Folk,Simple,Cool,Black,Gray,mortar wall,dirt flooring
Roald,Penguin,Male,Jock,Fitness,5-Jan,b-b-buddy,K.K. March,Active,Simple,Red,Yellow,iceberg wall,iceberg flooring
Robin,Bird,Female,Snooty,Fashion,4-Dec,la-di-da,K.K. Cruisin',Elegant,Cool,Light blue,Purple,brown botanical-tile wall,brown argyle-tile flooring
Rocco,Hippo,Male,Cranky,Education,18-Aug,hippie,K.K. Lament,Simple,Cool,Yellow,Black,construction-site wall,construction-site flooring
Rocket,Gorilla,Female,Big Sister,Fitness,14-Apr,vroom,K.K. Adventure,Active,Cool,Pink,Red,skyscraper wall,monochromatic tile flooring
Rod,Mouse,Male,Jock,Fitness,14-Aug,ace,K.K. March,Active,Cool,Blue,Light blue,sea view,ship deck
Rodeo,Bull,Male,Lazy,Fitness,29-Oct,chaps,K.K. Technopop,Simple,Cool,Black,Red,concrete wall,monochromatic tile flooring
Rodney,Hamster,Male,Smug,Music,10-Nov,le ham,K.K. Rockabilly,Gorgeous,Cool,Pink,Colorful,blue diner wall,green vinyl flooring
Rolf,Tiger,Male,Cranky,Fitness,22-Aug,grrrolf,K.K. Condor,Cool,Active,Blue,Black,summit wall,flowing-river flooring
Rooney,Kangaroo,Male,Cranky,Fitness,1-Dec,punches,K.K. Adventure,Active,Active,Gray,Black,gray shanty wall,steel flooring
Rory,Lion,Male,Jock,Music,7-Aug,capital,K.K. Faire,Simple,Active,Blue,Red,mangrove wall,starry-sands flooring
Roscoe,Horse,Male,Cranky,Music,16-Jun,nay,K.K. D&B,Cool,Gorgeous,Black,Gray,black-crown wall,monochromatic tile flooring
Rosie,Cat,Female,Peppy,Music,27-Feb,silly,Bubblegum K.K.,Cute,Cute,Pink,Red,purple dotted wall,blue-paint flooring
Rowan,Tiger,Male,Jock,Fitness,26-Aug,mango,Surfin' K.K.,Active,Simple,Light blue,Gray,bamboo wall,tiger-print flooring
Ruby,Rabbit,Female,Peppy,Nature,25-Dec,li'l ears,Stale Cupcakes,Cute,Active,Light blue,Pink,starry-sky wall,lunar surface
Rudy,Cat,Male,Jock,Play,20-Dec,mush,K.K. Blues,Active,Simple,Yellow,Beige,green playroom wall,pine-board flooring
Sally,Squirrel,Female,Normal,Music,19-Jun,nutmeg,Only Me,Simple,Elegant,White,Beige,yellow intricate wall,dark parquet flooring
Samson,Mouse,Male,Jock,Fitness,5-Jul,pipsqueak,Rockin' K.K.,Simple,Active,Red,Yellow,blue subway-tile wall,cool-paint flooring
Sandy,Ostrich,Female,Normal,Nature,21-Oct,speedy,K.K. Soul,Simple,Cool,Light blue,White,blackboard wall,rosewood flooring
Savannah,Horse,Female,Normal,Music,25-Jan,y'all,Forest Life,Cool,Simple,Light blue,Blue,blue subway-tile wall,zebra-print flooring
Scoot,Duck,Male,Jock,Fitness,13-Jun,zip zoom,My Place,Active,Simple,Beige,Blue,backyard-fence wall,backyard lawn
Shari,Monkey,Female,Big Sister,Music,10-Apr,cheeky,K.K. Cruisin',Cute,Active,Light blue,Yellow,purple desert-tile wall,rosewood flooring
Sheldon,Squirrel,Male,Jock,Play,26-Feb,cardio,K.K. Country,Active,Cool,Green,Yellow,forest wall,forest flooring
Shep,Dog,Male,Smug,Education,24-Nov,baa baa baa,K.K. Swing,Simple,Cool,Light blue,Blue,cabin wall,wooden-knot flooring
Sherb,Goat,Male,Lazy,Nature,18-Jan,bawwww,Hypno K.K.,Simple,Cute,Gray,Blue,purple desert-tile wall,simple purple flooring
Simon,Monkey,Male,Lazy,Play,19-Jan,zzzook,K.K. Safari,Simple,Active,Red,Colorful,starry-sky wall,Saharah's desert
Skye,Wolf,Female,Normal,Music,24-Mar,airmail,Forest Life,Cute,Cute,Blue,White,blue heart-pattern wall,simple white flooring
Sly,Alligator,Male,Jock,Play,15-Nov,hoo-rah,K.K. Safari,Cool,Simple,Brown,Green,jungle wall,jungle flooring
Snake,Rabbit,Male,Jock,Fitness,3-Nov,bunyip,King K.K.,Active,Simple,Black,Blue,mortar wall,dirt flooring
Snooty,Anteater,Female,Snooty,Education,24-Oct,sniffff,K.K. Folk,Simple,Simple,Green,Yellow,shoji screen,tatami flooring
Soleil,Hamster,Female,Snooty,Education,9-Aug,tarnation,K.K. Oasis,Cool,Gorgeous,Red,Yellow,imperial wall,imperial tile
Sparro,Bird,Male,Jock,Play,20-Nov,like whoa,I Love You,Active,Simple,Green,Gray,backyard-fence wall,sandlot
Spike,Rhino,Male,Cranky,Nature,17-Jun,punk,K.K. House,Cool,Gorgeous,Black,Gray,concrete wall,leopard-print flooring
Spork,Pig,Male,Lazy,Play,3-Sep,snork,Forest Life,Simple,Active,Green,Colorful,woodland wall,swamp flooring
Sprinkle,Penguin,Female,Peppy,Play,20-Feb,frappe,K.K. Marathon,Cute,Elegant,Light blue,White,ice wall,ice flooring
Sprocket,Ostrich,Male,Jock,Music,1-Dec,zort,K.K. Metal,Simple,Active,Orange,Green,future-tech wall,circuit-board flooring
Static,Squirrel,Male,Cranky,Music,9-Jul,krzzt,Surfin' K.K.,Cool,Active,Black,Yellow,concrete wall,skull-print flooring
Stella,Sheep,Female,Normal,Nature,9-Apr,baa-dabing,Only Me,Simple,Simple,Yellow,Beige,rose wall,dark herringbone flooring
Sterling,Eagle,Male,Jock,Fitness,11-Dec,skraaaaw,K.K. Dirge,Simple,Elegant,Blue,Red,dungeon wall,basement flooring
Stinky,Cat,Male,Jock,Fitness,17-Aug,GAAHHH,K.K. Flamenco,Active,Simple,Red,Blue,ringside seating,boxing-ring mat
Stitches,Cub,Male,Lazy,Play,10-Feb,stuffin',I Love You,Simple,Cute,Colorful,White,blue quilt wall,patchwork-tile flooring
Stu,Bull,Male,Lazy,Nature,20-Apr,mrooooo,K.K. Rockabilly,Simple,Simple,Brown,Beige,chain-link fence,sidewalk flooring
Sydney,Koala,Female,Normal,Music,21-Jun,sunshine,Drivin',Cute,Simple,Beige,Yellow,purple puzzle wall,blue-paint flooring
Sylvana,Squirrel,Female,Normal,Nature,22-Oct,hubbub,Spring Blossoms,Cute,Simple,Green,Purple,cherry-blossom-trees wall,cherry-blossom flooring
Sylvia,Kangaroo,Female,Big Sister,Music,3-May,boing,DJ K.K.,Simple,Gorgeous,Yellow,Green,concrete wall,monochromatic tile flooring
T-Bone,Bull,Male,Cranky,Education,20-May,moocher,K.K. Steppe,Cool,Simple,Blue,Black,arched-window wall,arabesque flooring
Tabby,Cat,Female,Peppy,Music,13-Aug,me-WOW,DJ K.K.,Active,Cool,Black,Gray,manga-library wall,tiger-print flooring
Tad,Frog,Male,Jock,Play,3-Aug,sluuuurp,Wandering,Active,Simple,Yellow,Colorful,rice-paddy wall,field flooring
Tammi,Monkey,Female,Peppy,Fashion,2-Apr,chimpy,Imperial K.K.,Cute,Active,Purple,Green,bamboo wall,bamboo flooring
Tammy,Cub,Female,Big Sister,Play,23-Jun,ya heard,DJ K.K.,Cool,Active,Red,Purple,yellow intricate wall,giraffe-print flooring
Tangy,Cat,Female,Peppy,Music,17-Jun,reeeeOWR,I Love You,Simple,Cute,Green,Yellow,orange wall,green retro flooring
Tank,Rhino,Male,Jock,Fitness,6-May,kerPOW,K.K. Lament,Active,Simple,Red,Green,bamboo-grove wall,sandlot
Tasha,Squirrel,Female,Snooty,Fitness,30-Nov,nice nice,K.K. Synth,Elegant,Gorgeous,Beige,Gray,stormy-night wall,rosewood flooring
Teddy,Bear,Male,Jock,Fitness,26-Sep,grooof,Mr. K.K.,Simple,Simple,Yellow,Orange,cabin wall,cork flooring
Tex,Penguin,Male,Smug,Music,6-Oct,picante,K.K. D&B,Cool,Elegant,Black,Gray,ice wall,ice flooring
Tia,Elephant,Female,Normal,Nature,18-Nov,teacup,K.K. Bossa,Cute,Elegant,Black,White,caf?-curtain wall,brown iron-parquet flooring
Tiffany,Rabbit,Female,Snooty,Fashion,9-Jan,bunbun,K.K. Ragtime,Gorgeous,Cool,Black,Red,black-crown wall,red-and-black vinyl flooring
Timbra,Sheep,Female,Snooty,Education,21-Oct,pine nut,K.K. Love Song,Elegant,Gorgeous,Green,Brown,beige art-deco wall,dark parquet flooring
Tipper,Cow,Female,Snooty,Fashion,25-Aug,pushy,Soulful K.K.,Gorgeous,Cute,Colorful,Pink,white hallway wall,stone tile
Tom,Cat,Male,Cranky,Education,10-Dec,me-YOWZA,K.K. Rock,Cool,Simple,Black,Gray,shutter wall,paintball flooring
Truffles,Pig,Female,Peppy,Fashion,28-Jul,snoutie,Neapolitan,Cute,Gorgeous,Green,Red,mod wall,brown honeycomb tile
Tucker,Elephant,Male,Lazy,Nature,7-Sep,fuzzers,K.K. Safari,Active,Simple,Yellow,Orange,jungle wall,swamp flooring
Tutu,Bear,Female,Peppy,Fashion,15-Sep,twinkles,Bubblegum K.K.,Cute,Simple,Pink,Red,pink-striped wall,red dot flooring
Twiggy,Bird,Female,Peppy,Fashion,13-Jul,cheepers,Bubblegum K.K.,Simple,Cute,Pink,Blue,white botanical-tile wall,gray argyle-tile flooring
Tybalt,Tiger,Male,Jock,Play,19-Aug,grrrRAH,K.K. Groove,Active,Simple,Blue,Purple,blue-paint wall,tiger-print flooring
Ursala,Bear,Female,Big Sister,Music,16-Jan,grooomph,Caf? K.K.,Simple,Cute,Red,Orange,caf?-curtain wall,green honeycomb tile
Velma,Goat,Female,Snooty,Education,14-Jan,blih,Mr. K.K.,Elegant,Gorgeous,Light blue,Purple,classic-library wall,light parquet flooring
Vesta,Sheep,Female,Normal,Fashion,16-Apr,baaaffo,Forest Life,Simple,Cute,Orange,Red,white subway-tile wall,floral mosaic-tile flooring
Vic,Bull,Male,Cranky,Fitness,29-Dec,cud,K.K. March,Cool,Active,Light blue,Blue,sea view,ship deck
Victoria,Horse,Female,Peppy,Fitness,11-Jul,sugar cube,K.K. Adventure,Active,Simple,Yellow,Orange,stadium wall,racetrack flooring
Violet,Gorilla,Female,Snooty,Fitness,1-Sep,sweetie,K.K. Bazaar,Gorgeous,Cool,Purple,Pink,black botanical-tile wall,lobby flooring
Vivian,Wolf,Female,Snooty,Education,26-Jan,piffle,K.K. Cruisin',Gorgeous,Elegant,Gray,Purple,white-brick wall,dark wood-pattern flooring
Vladimir,Cub,Male,Cranky,Play,2-Aug,nyet,Agent K.K.,Simple,Cool,Yellow,Colorful,chain-link fence,ramshackle flooring
Wade,Penguin,Male,Lazy,Nature,30-Oct,so it goes,Stale Cupcakes,Simple,Gorgeous,Light blue,Blue,ice wall,ice flooring
Walker,Dog,Male,Lazy,Play,10-Jun,wuh,Two Days Ago,Simple,Simple,Orange,Red,yellow playroom wall,colorful tile flooring
Walt,Kangaroo,Male,Cranky,Fitness,24-Apr,pockets,K.K. Lament,Cool,Cool,Black,Gray,bamboo-grove wall,mossy-garden flooring
Wart Jr.,Frog,Male,Cranky,Education,21-Aug,grr-ribbit,Steep Hill,Simple,Simple,Blue,Purple,dirt-clod wall,rush tatami
Weber,Duck,Male,Lazy,Nature,30-Jun,quaa,K.K. Fusion,Cool,Simple,Blue,Black,black perforated-board wall,cork flooring
Wendy,Sheep,Female,Peppy,Fashion,15-Aug,lambkins,Space K.K.,Cool,Gorgeous,Red,Green,snowflake wall,simple white flooring
Whitney,Wolf,Female,Snooty,Fashion,17-Sep,snappy,K.K. Soul,Elegant,Cool,Blue,Light blue,blue intricate wall,blue-paint flooring
Willow,Sheep,Female,Snooty,Fashion,26-Nov,bo peep,K.K. Soul,Cute,Gorgeous,White,Pink,arched-window wall,arabesque flooring
Winnie,Horse,Female,Peppy,Fashion,31-Jan,hay-OK,K.K. Country,Cool,Simple,White,Gray,backyard-fence wall,backyard lawn
Wolfgang,Wolf,Male,Cranky,Education,25-Nov,snarrrl,K.K. D&B,Cool,Active,Black,Green,dark wooden-mosaic wall,stripe flooring
Yuka,Koala,Female,Snooty,Fashion,20-Jul,tsk tsk,Soulful K.K.,Cool,Elegant,Orange,Yellow,beige art-deco wall,simple purple flooring
Zell,Deer,Male,Smug,Music,7-Jun,pronk,K.K. Swing,Cool,Gorgeous,Purple,Gray,cityscape wall,monochromatic tile flooring
Zucker,Octopus,Male,Lazy,Nature,8-Mar,bloop,Spring Blossoms,Simple,Cute,Blue,Yellow,chain-link fence,backyard lawn
